cell_id,raw_id
173,AAGTGAATCCGAAGGA-1
216,AATGGAATCCCAGGCA-1
294,ACCAACACATTCTCCG-1
370,ACGTAACAGCGATGGT-1
929,ATCGTGACACCGCTGA-1
1231,CACGGGTTCCGAGAAG-1
1328,CATAAGCAGCCGTTAT-1
1430,CATGGTAGTAGCTTGT-1
1439,CATTCCGCAGCTTTGA-1
1476,CCAATGAGTTTACCAG-1
2048,CTCGAGGAGGGCCAAT-1
2233,GAACACTCAGCCCAGT-1
2270,GAAGGACCATCACGGC-1
2293,GAATCACAGTGCAACG-1
2420,GAGGCAACATGTGCTA-1
2446,GAGTCTAAGTGATAAC-1
2448,GAGTCTACACCGTGAC-1
2970,GGTGAAGTCTGGGTCG-1
3057,GTAGTACCAGGCGTTC-1
3132,GTCGTAAAGGTCGACA-1
3151,GTCTCACAGAAACTGT-1
3207,GTGCGTGAGACATCAA-1
3484,TAGACCATCTTTGGAG-1
4185,TGGCGTGGTCGACTTA-1
4340,TTACCGCAGCTGTACT-1
4343,TTACCGCTCTAGCATG-1
